{
  "mid.$gAAMyWH_HZZiiwjZ28GckPEu4q9m2": {
    "content": "💛",
    "attachments": [],
    "senderID": "100003615741592",
    "threadID": "899780612416920",
    "timestamp": 1771958252052
  },
  "mid.$gAAMyWH_HZZiiwjai62ckPFaSySgI": {
    "content": "Bot",
    "attachments": [],
    "senderID": "100003615741592",
    "threadID": "899780612416920",
    "timestamp": 1771958263021
  },
  "mid.$gAAMyWH_HZZiiwjannmckPFeZy2ne": {
    "content": "",
    "attachments": [
      {
        "type": "sticker",
        "ID": "2523891461219087",
        "url": "https://scontent.xx.fbcdn.net/v/t39.1997-6/68899610_2523891467885753_8879827064660688896_n.png?_nc_cat=106&ccb=1-7&_nc_sid=23dd7b&_nc_eui2=AeEnkvsF4ja7dYcAOpKIE926q1LN-mnZqImrUs36admoiW8zLtPhD4lZlJs2NyiZ-VvrG_VKLblO8hYqXuVWy_GR&_nc_ohc=A5J7ib0hugEQ7kNvwGMIcNy&_nc_oc=AdmVPGgkH_craRm_6bSou7oAwAHmOPwmsk7qpt_Iv_ytxJAEgPxlJrGhicR0BFD29Nc&_nc_ad=z-m&_nc_cid=0&_nc_zt=26&_nc_ht=scontent.xx&_nc_gid=ZzPZ2AkzqK9u94WR_eKR_Q&oh=00_AftTxsLzywXOefArW7ZgLXOiXZ9wXzQmhBi6hVBiuNfTKw&oe=69A3C683",
        "packID": "2519037555037811",
        "spriteUrl": {
          "uri": "https://scontent.xx.fbcdn.net/v/t39.1997-6/68989145_2523891471219086_3895163062591684608_n.png?stp=dst-png_p600x600&_nc_cat=104&ccb=1-7&_nc_sid=ba09c1&_nc_eui2=AeHOm0W_W0ta266eCJu1xCohIzeN-Aj80UojN434CPzRStF269Ast1UBCDNeQU6R9ZMpzveHfDTqPGKvuI6oAZM2&_nc_ohc=ussaf90K3rkQ7kNvwF4d4Lh&_nc_oc=Adn-M_XdNOFQymoiuh9kzSYi48Y3oJ58mTY7oTsjGe5FoGqk3XYsnBFinDcoekyGnR4&_nc_ad=z-m&_nc_cid=0&_nc_zt=26&_nc_ht=scontent.xx&_nc_gid=ZzPZ2AkzqK9u94WR_eKR_Q&oh=00_AftzY7xhi7NsV2ccABan6Lcki4mN0bjgeaEK0MbNh86UJw&oe=69A3A8D3"
        },
        "spriteUrl2x": {
          "uri": "https://scontent.xx.fbcdn.net/v/t39.1997-6/68989145_2523891471219086_3895163062591684608_n.png?_nc_cat=104&ccb=1-7&_nc_sid=ba09c1&_nc_eui2=AeHOm0W_W0ta266eCJu1xCohIzeN-Aj80UojN434CPzRStF269Ast1UBCDNeQU6R9ZMpzveHfDTqPGKvuI6oAZM2&_nc_ohc=ussaf90K3rkQ7kNvwF4d4Lh&_nc_oc=Adn-M_XdNOFQymoiuh9kzSYi48Y3oJ58mTY7oTsjGe5FoGqk3XYsnBFinDcoekyGnR4&_nc_ad=z-m&_nc_cid=0&_nc_zt=26&_nc_ht=scontent.xx&_nc_gid=ZzPZ2AkzqK9u94WR_eKR_Q&oh=00_Aft_1dU_nNaE_7jsRVaGOzCaKT3AHVje8YiYweL4HLvBMw&oe=69A3A8D3"
        },
        "width": 240,
        "height": 240,
        "caption": "two bunnies crying and hitting their fists on the floor, MiMi and NeKo",
        "description": "two bunnies crying and hitting their fists on the floor, MiMi and NeKo",
        "frameCount": 24,
        "frameRate": 41,
        "framesPerRow": 5,
        "framesPerCol": 5,
        "stickerID": "2523891461219087",
        "spriteURI": {
          "uri": "https://scontent.xx.fbcdn.net/v/t39.1997-6/68989145_2523891471219086_3895163062591684608_n.png?stp=dst-png_p600x600&_nc_cat=104&ccb=1-7&_nc_sid=ba09c1&_nc_eui2=AeHOm0W_W0ta266eCJu1xCohIzeN-Aj80UojN434CPzRStF269Ast1UBCDNeQU6R9ZMpzveHfDTqPGKvuI6oAZM2&_nc_ohc=ussaf90K3rkQ7kNvwF4d4Lh&_nc_oc=Adn-M_XdNOFQymoiuh9kzSYi48Y3oJ58mTY7oTsjGe5FoGqk3XYsnBFinDcoekyGnR4&_nc_ad=z-m&_nc_cid=0&_nc_zt=26&_nc_ht=scontent.xx&_nc_gid=ZzPZ2AkzqK9u94WR_eKR_Q&oh=00_AftzY7xhi7NsV2ccABan6Lcki4mN0bjgeaEK0MbNh86UJw&oe=69A3A8D3"
        },
        "spriteURI2x": {
          "uri": "https://scontent.xx.fbcdn.net/v/t39.1997-6/68989145_2523891471219086_3895163062591684608_n.png?_nc_cat=104&ccb=1-7&_nc_sid=ba09c1&_nc_eui2=AeHOm0W_W0ta266eCJu1xCohIzeN-Aj80UojN434CPzRStF269Ast1UBCDNeQU6R9ZMpzveHfDTqPGKvuI6oAZM2&_nc_ohc=ussaf90K3rkQ7kNvwF4d4Lh&_nc_oc=Adn-M_XdNOFQymoiuh9kzSYi48Y3oJ58mTY7oTsjGe5FoGqk3XYsnBFinDcoekyGnR4&_nc_ad=z-m&_nc_cid=0&_nc_zt=26&_nc_ht=scontent.xx&_nc_gid=ZzPZ2AkzqK9u94WR_eKR_Q&oh=00_Aft_1dU_nNaE_7jsRVaGOzCaKT3AHVje8YiYweL4HLvBMw&oe=69A3A8D3"
        }
      }
    ],
    "senderID": "61585798417170",
    "threadID": "899780612416920",
    "timestamp": 1771958264077
  },
  "mid.$gAAMyWH_HZZiiwjaoIGckPFeaGmCm": {
    "content": "≿━━━━༺❀༻━━━━≾\n\nAttaullah Khuharo, Itna Na Pass aa Pyar h0o JayGa\n\n≿━━━━༺❀༻━━━━≾",
    "attachments": [],
    "senderID": "61585798417170",
    "threadID": "899780612416920",
    "timestamp": 1771958264462
  },
  "mid.$gAAMyWH_HZZiiwjaoIGckPFehUhE5": {
    "content": "≿━━━━༺❀༻━━━━≾\n\nAttaullah Khuharo, Ha ha ab meri yaad ab ai nah phly to babu shona kerna gy thy 😾 ab ham ap sy naraz hai jao ap bye ☹️\n\n≿━━━━༺❀༻━━━━≾",
    "attachments": [],
    "senderID": "61579163911754",
    "threadID": "899780612416920",
    "timestamp": 1771958264740
  },
  "mid.$gAAMyWH_HZZiiwjaoIGckPFehCtvE": {
    "content": "",
    "attachments": [
      {
        "type": "sticker",
        "ID": "2523887771219456",
        "url": "https://scontent.xx.fbcdn.net/v/t39.1997-6/69122348_2523887781219455_5304780301325565952_n.png?_nc_cat=1&ccb=1-7&_nc_sid=23dd7b&_nc_eui2=AeHza3LdZQpVV03yHLIIhitzrPKSM_aLU9as8pIz9otT1qXYxnpFsWyf96SusSynd-OVvWZiaRBeLZYOAHEp1k5L&_nc_ohc=oRa2te_E5JYQ7kNvwHBCbm6&_nc_oc=Adl1aiMsDk2jK0B2Yt0v6v8ZyS--Ls1D8KrxA9NfGt-re_3muN0VNkdgLTBxMcHt6Ak&_nc_ad=z-m&_nc_cid=0&_nc_zt=26&_nc_ht=scontent.xx&_nc_gid=ZzPZ2AkzqK9u94WR_eKR_Q&oh=00_AfutqtrgKsuXxkl-uyi7gXG3XOWHvq8gCLLAMnxbKJQEaA&oe=69A3AB4F",
        "packID": "2519037555037811",
        "spriteUrl": {
          "uri": "https://scontent.xx.fbcdn.net/v/t39.1997-6/69099638_2523887777886122_8645943121613422592_n.png?stp=dst-png_p600x600&_nc_cat=109&ccb=1-7&_nc_sid=ba09c1&_nc_eui2=AeENo5tn0PyrpNyCXIZPm2V1hY6XcxqPy6uFjpdzGo_Lq6xXryTxECJjmbKSgQPOgja7tI0jmeusC9nRsmq_wlkY&_nc_ohc=w7p4NTOh7bMQ7kNvwGoHJqL&_nc_oc=AdlqpH8Pp2vO1hQYrlNsoGE0QFM9vkS0XQyyk6fKSVAFAvcnvKp-467h_FsdOOKtSro&_nc_ad=z-m&_nc_cid=0&_nc_zt=26&_nc_ht=scontent.xx&_nc_gid=ZzPZ2AkzqK9u94WR_eKR_Q&oh=00_AfsaXtqjPJ9xRea00O1KVilN0i88JGCKyhMc3-e5Cn9g5Q&oe=69A3AEA1"
        },
        "spriteUrl2x": {
          "uri": "https://scontent.xx.fbcdn.net/v/t39.1997-6/69099638_2523887777886122_8645943121613422592_n.png?_nc_cat=109&ccb=1-7&_nc_sid=ba09c1&_nc_eui2=AeENo5tn0PyrpNyCXIZPm2V1hY6XcxqPy6uFjpdzGo_Lq6xXryTxECJjmbKSgQPOgja7tI0jmeusC9nRsmq_wlkY&_nc_ohc=w7p4NTOh7bMQ7kNvwGoHJqL&_nc_oc=AdlqpH8Pp2vO1hQYrlNsoGE0QFM9vkS0XQyyk6fKSVAFAvcnvKp-467h_FsdOOKtSro&_nc_ad=z-m&_nc_cid=0&_nc_zt=26&_nc_ht=scontent.xx&_nc_gid=ZzPZ2AkzqK9u94WR_eKR_Q&oh=00_AfuF_D-LQ6c2a8XgLNYL2vtbvcNtfpAZK4eEgwFdRFKTWA&oe=69A3AEA1"
        },
        "width": 240,
        "height": 240,
        "caption": "cute, bunny waving wand as the word cute appears, MiMi and NeKo",
        "description": "cute, bunny waving wand as the word cute appears, MiMi and NeKo",
        "frameCount": 24,
        "frameRate": 83,
        "framesPerRow": 5,
        "framesPerCol": 5,
        "stickerID": "2523887771219456",
        "spriteURI": {
          "uri": "https://scontent.xx.fbcdn.net/v/t39.1997-6/69099638_2523887777886122_8645943121613422592_n.png?stp=dst-png_p600x600&_nc_cat=109&ccb=1-7&_nc_sid=ba09c1&_nc_eui2=AeENo5tn0PyrpNyCXIZPm2V1hY6XcxqPy6uFjpdzGo_Lq6xXryTxECJjmbKSgQPOgja7tI0jmeusC9nRsmq_wlkY&_nc_ohc=w7p4NTOh7bMQ7kNvwGoHJqL&_nc_oc=AdlqpH8Pp2vO1hQYrlNsoGE0QFM9vkS0XQyyk6fKSVAFAvcnvKp-467h_FsdOOKtSro&_nc_ad=z-m&_nc_cid=0&_nc_zt=26&_nc_ht=scontent.xx&_nc_gid=ZzPZ2AkzqK9u94WR_eKR_Q&oh=00_AfsaXtqjPJ9xRea00O1KVilN0i88JGCKyhMc3-e5Cn9g5Q&oe=69A3AEA1"
        },
        "spriteURI2x": {
          "uri": "https://scontent.xx.fbcdn.net/v/t39.1997-6/69099638_2523887777886122_8645943121613422592_n.png?_nc_cat=109&ccb=1-7&_nc_sid=ba09c1&_nc_eui2=AeENo5tn0PyrpNyCXIZPm2V1hY6XcxqPy6uFjpdzGo_Lq6xXryTxECJjmbKSgQPOgja7tI0jmeusC9nRsmq_wlkY&_nc_ohc=w7p4NTOh7bMQ7kNvwGoHJqL&_nc_oc=AdlqpH8Pp2vO1hQYrlNsoGE0QFM9vkS0XQyyk6fKSVAFAvcnvKp-467h_FsdOOKtSro&_nc_ad=z-m&_nc_cid=0&_nc_zt=26&_nc_ht=scontent.xx&_nc_gid=ZzPZ2AkzqK9u94WR_eKR_Q&oh=00_AfuF_D-LQ6c2a8XgLNYL2vtbvcNtfpAZK4eEgwFdRFKTWA&oe=69A3AEA1"
        }
      }
    ],
    "senderID": "61579163911754",
    "threadID": "899780612416920",
    "timestamp": 1771958264800
  },
  "mid.$gAAMyWH_HZZiiwjbG7WckPFj_oPiF": {
    "content": "‎Nis HU, (⓿_⓿)凸❯❯❯\n\n 𝐘𝐨𝐮𝐫 𝐊𝐞𝐲𝐛𝐨𝐚𝐫𝐝 𝐇𝐚𝐬 𝐑𝐞𝐚𝐜𝐡𝐞𝐝\n 𝐋𝐞𝐯𝐞𝐥 3",
    "attachments": [
      {
        "type": "animated_image",
        "ID": "1602481437561865",
        "filename": "gif-1602481437561865",
        "original_extension": "",
        "previewUrl": "https://cdn.fbsbx.com/v/t59.2708-21/581578107_863189372921825_2189736639628414757_n.gif?_nc_cat=102&ccb=1-7&_nc_sid=cf94fc&_nc_eui2=AeGRPTVPpH326f-_ySN4Xgaa_Qvmfk4ovEH9C-Z-Tii8Qc8Ny1smS-_DFWRLk0IetfgcoIEhaPqrRXyYOpb1bqA4&_nc_ohc=jyM3Vf7tG84Q7kNvwFZi9O1&_nc_oc=AdngE8O2f1aRZh0SkHCRQCBbjhkXnjLSDVWz6GqfC7eEaaBFgOm7nrkewjIoRFJtKs8&_nc_zt=7&_nc_ht=cdn.fbsbx.com&_nc_gid=b6CgYuXZFKTEvyimWFl4ig&oh=03_Q7cD4gHeqHIrjJnBerUFySDEWnekoz8kbeTKM5TR9am1KENRDw&oe=699FBA23",
        "previewWidth": 870,
        "previewHeight": 388,
        "url": "https://cdn.fbsbx.com/v/t59.2708-21/581578107_863189372921825_2189736639628414757_n.gif?_nc_cat=102&ccb=1-7&_nc_sid=cf94fc&_nc_eui2=AeGRPTVPpH326f-_ySN4Xgaa_Qvmfk4ovEH9C-Z-Tii8Qc8Ny1smS-_DFWRLk0IetfgcoIEhaPqrRXyYOpb1bqA4&_nc_ohc=jyM3Vf7tG84Q7kNvwFZi9O1&_nc_oc=AdngE8O2f1aRZh0SkHCRQCBbjhkXnjLSDVWz6GqfC7eEaaBFgOm7nrkewjIoRFJtKs8&_nc_zt=7&_nc_ht=cdn.fbsbx.com&_nc_gid=b6CgYuXZFKTEvyimWFl4ig&oh=03_Q7cD4gHeqHIrjJnBerUFySDEWnekoz8kbeTKM5TR9am1KENRDw&oe=699FBA23",
        "width": 870,
        "height": 388,
        "thumbnailUrl": "https://cdn.fbsbx.com/v/t59.2708-21/581578107_863189372921825_2189736639628414757_n.gif?_nc_cat=102&ccb=1-7&_nc_sid=cf94fc&_nc_eui2=AeGRPTVPpH326f-_ySN4Xgaa_Qvmfk4ovEH9C-Z-Tii8Qc8Ny1smS-_DFWRLk0IetfgcoIEhaPqrRXyYOpb1bqA4&_nc_ohc=jyM3Vf7tG84Q7kNvwFZi9O1&_nc_oc=AdngE8O2f1aRZh0SkHCRQCBbjhkXnjLSDVWz6GqfC7eEaaBFgOm7nrkewjIoRFJtKs8&_nc_zt=7&_nc_ht=cdn.fbsbx.com&_nc_gid=b6CgYuXZFKTEvyimWFl4ig&oh=03_Q7cD4gHeqHIrjJnBerUFySDEWnekoz8kbeTKM5TR9am1KENRDw&oe=699FBA23",
        "name": "gif-1602481437561865",
        "facebookUrl": "https://cdn.fbsbx.com/v/t59.2708-21/581578107_863189372921825_2189736639628414757_n.gif?_nc_cat=102&ccb=1-7&_nc_sid=cf94fc&_nc_eui2=AeGRPTVPpH326f-_ySN4Xgaa_Qvmfk4ovEH9C-Z-Tii8Qc8Ny1smS-_DFWRLk0IetfgcoIEhaPqrRXyYOpb1bqA4&_nc_ohc=jyM3Vf7tG84Q7kNvwFZi9O1&_nc_oc=AdngE8O2f1aRZh0SkHCRQCBbjhkXnjLSDVWz6GqfC7eEaaBFgOm7nrkewjIoRFJtKs8&_nc_zt=7&_nc_ht=cdn.fbsbx.com&_nc_gid=b6CgYuXZFKTEvyimWFl4ig&oh=03_Q7cD4gHeqHIrjJnBerUFySDEWnekoz8kbeTKM5TR9am1KENRDw&oe=699FBA23",
        "rawGifImage": "https://cdn.fbsbx.com/v/t59.2708-21/581578107_863189372921825_2189736639628414757_n.gif?_nc_cat=102&ccb=1-7&_nc_sid=cf94fc&_nc_eui2=AeGRPTVPpH326f-_ySN4Xgaa_Qvmfk4ovEH9C-Z-Tii8Qc8Ny1smS-_DFWRLk0IetfgcoIEhaPqrRXyYOpb1bqA4&_nc_ohc=jyM3Vf7tG84Q7kNvwFZi9O1&_nc_oc=AdngE8O2f1aRZh0SkHCRQCBbjhkXnjLSDVWz6GqfC7eEaaBFgOm7nrkewjIoRFJtKs8&_nc_zt=7&_nc_ht=cdn.fbsbx.com&_nc_gid=b6CgYuXZFKTEvyimWFl4ig&oh=03_Q7cD4gHeqHIrjJnBerUFySDEWnekoz8kbeTKM5TR9am1KENRDw&oe=699FBA23",
        "animatedGifUrl": "https://cdn.fbsbx.com/v/t59.2708-21/581578107_863189372921825_2189736639628414757_n.gif?_nc_cat=102&ccb=1-7&_nc_sid=cf94fc&_nc_eui2=AeGRPTVPpH326f-_ySN4Xgaa_Qvmfk4ovEH9C-Z-Tii8Qc8Ny1smS-_DFWRLk0IetfgcoIEhaPqrRXyYOpb1bqA4&_nc_ohc=jyM3Vf7tG84Q7kNvwFZi9O1&_nc_oc=AdngE8O2f1aRZh0SkHCRQCBbjhkXnjLSDVWz6GqfC7eEaaBFgOm7nrkewjIoRFJtKs8&_nc_zt=7&_nc_ht=cdn.fbsbx.com&_nc_gid=b6CgYuXZFKTEvyimWFl4ig&oh=03_Q7cD4gHeqHIrjJnBerUFySDEWnekoz8kbeTKM5TR9am1KENRDw&oe=699FBA23",
        "animatedGifPreviewUrl": "https://cdn.fbsbx.com/v/t59.2708-21/581578107_863189372921825_2189736639628414757_n.gif?_nc_cat=102&ccb=1-7&_nc_sid=cf94fc&_nc_eui2=AeGRPTVPpH326f-_ySN4Xgaa_Qvmfk4ovEH9C-Z-Tii8Qc8Ny1smS-_DFWRLk0IetfgcoIEhaPqrRXyYOpb1bqA4&_nc_ohc=jyM3Vf7tG84Q7kNvwFZi9O1&_nc_oc=AdngE8O2f1aRZh0SkHCRQCBbjhkXnjLSDVWz6GqfC7eEaaBFgOm7nrkewjIoRFJtKs8&_nc_zt=7&_nc_ht=cdn.fbsbx.com&_nc_gid=b6CgYuXZFKTEvyimWFl4ig&oh=03_Q7cD4gHeqHIrjJnBerUFySDEWnekoz8kbeTKM5TR9am1KENRDw&oe=699FBA23",
        "animatedWebpUrl": "https://cdn.fbsbx.com/v/t59.2708-21/581578107_863189372921825_2189736639628414757_n.gif?_nc_cat=102&ccb=1-7&_nc_sid=cf94fc&_nc_eui2=AeGRPTVPpH326f-_ySN4Xgaa_Qvmfk4ovEH9C-Z-Tii8Qc8Ny1smS-_DFWRLk0IetfgcoIEhaPqrRXyYOpb1bqA4&_nc_ohc=jyM3Vf7tG84Q7kNvwFZi9O1&_nc_oc=AdngE8O2f1aRZh0SkHCRQCBbjhkXnjLSDVWz6GqfC7eEaaBFgOm7nrkewjIoRFJtKs8&_nc_zt=7&_nc_ht=cdn.fbsbx.com&_nc_gid=b6CgYuXZFKTEvyimWFl4ig&oh=03_Q7cD4gHeqHIrjJnBerUFySDEWnekoz8kbeTKM5TR9am1KENRDw&oe=699FBA23",
        "animatedWebpPreviewUrl": "https://cdn.fbsbx.com/v/t59.2708-21/581578107_863189372921825_2189736639628414757_n.gif?_nc_cat=102&ccb=1-7&_nc_sid=cf94fc&_nc_eui2=AeGRPTVPpH326f-_ySN4Xgaa_Qvmfk4ovEH9C-Z-Tii8Qc8Ny1smS-_DFWRLk0IetfgcoIEhaPqrRXyYOpb1bqA4&_nc_ohc=jyM3Vf7tG84Q7kNvwFZi9O1&_nc_oc=AdngE8O2f1aRZh0SkHCRQCBbjhkXnjLSDVWz6GqfC7eEaaBFgOm7nrkewjIoRFJtKs8&_nc_zt=7&_nc_ht=cdn.fbsbx.com&_nc_gid=b6CgYuXZFKTEvyimWFl4ig&oh=03_Q7cD4gHeqHIrjJnBerUFySDEWnekoz8kbeTKM5TR9am1KENRDw&oe=699FBA23"
      }
    ],
    "senderID": "61579163911754",
    "threadID": "899780612416920",
    "timestamp": 1771958272771
  },
  "mid.$gAAMyWH_HZZiiwjbeZmckPGWmfw_i": {
    "content": "Prefix",
    "attachments": [],
    "senderID": "100003615741592",
    "threadID": "899780612416920",
    "timestamp": 1771958278172
  },
  "mid.$gAAMyWH_HZZiiwjbir2ckPGZwSmM1": {
    "content": "༻﹡﹡﹡﹡﹡﹡﹡༺\n\n⚙️ 𝐒𝐲𝐬𝐭𝐞𝐦 𝐏𝐫𝐞𝐟𝐢𝐱: .\n💬 𝐆𝐫𝐨𝐮𝐩 𝐏𝐫𝐞𝐟𝐢𝐱: .\n\n༻﹡﹡﹡﹡﹡﹡﹡༺",
    "attachments": [],
    "senderID": "61585798417170",
    "threadID": "899780612416920",
    "timestamp": 1771958279143
  },
  "mid.$gAAMyWH_HZZiiwjbjTGckPGZ87S6n": {
    "content": "༻﹡﹡﹡﹡﹡﹡﹡༺\n\n⚙️ 𝐒𝐲𝐬𝐭𝐞𝐦 𝐏𝐫𝐞𝐟𝐢𝐱: .\n💬 𝐆𝐫𝐨𝐮𝐩 𝐏𝐫𝐞𝐟𝐢𝐱: .\n\n༻﹡﹡﹡﹡﹡﹡﹡༺",
    "attachments": [],
    "senderID": "61579163911754",
    "threadID": "899780612416920",
    "timestamp": 1771958279473
  },
  "mid.$gAAMyWH_HZZiiwjb7L2ckPGZv5mv8": {
    "content": "‎Attaullah Khuharo, (⓿_⓿)凸❯❯❯\n\n 𝐘𝐨𝐮𝐫 𝐊𝐞𝐲𝐛𝐨𝐚𝐫𝐝 𝐇𝐚𝐬 𝐑𝐞𝐚𝐜𝐡𝐞𝐝\n 𝐋𝐞𝐯𝐞𝐥 3",
    "attachments": [
      {
        "type": "animated_image",
        "ID": "1474282794432240",
        "filename": "gif-1474282794432240",
        "original_extension": "",
        "previewUrl": "https://cdn.fbsbx.com/v/t59.2708-21/581578107_863189372921825_2189736639628414757_n.gif?_nc_cat=102&ccb=1-7&_nc_sid=cf94fc&_nc_eui2=AeGRPTVPpH326f-_ySN4Xgaa_Qvmfk4ovEH9C-Z-Tii8Qc8Ny1smS-_DFWRLk0IetfgcoIEhaPqrRXyYOpb1bqA4&_nc_ohc=jyM3Vf7tG84Q7kNvwFZi9O1&_nc_oc=AdngE8O2f1aRZh0SkHCRQCBbjhkXnjLSDVWz6GqfC7eEaaBFgOm7nrkewjIoRFJtKs8&_nc_zt=7&_nc_ht=cdn.fbsbx.com&_nc_gid=pesYscPR4BO53iV-KCH26Q&oh=03_Q7cD4gGwEX0OytPwjzd00PQpX7KfEfciWA_QR8Ubr0nixPQJCA&oe=699FBA23",
        "previewWidth": 870,
        "previewHeight": 388,
        "url": "https://cdn.fbsbx.com/v/t59.2708-21/581578107_863189372921825_2189736639628414757_n.gif?_nc_cat=102&ccb=1-7&_nc_sid=cf94fc&_nc_eui2=AeGRPTVPpH326f-_ySN4Xgaa_Qvmfk4ovEH9C-Z-Tii8Qc8Ny1smS-_DFWRLk0IetfgcoIEhaPqrRXyYOpb1bqA4&_nc_ohc=jyM3Vf7tG84Q7kNvwFZi9O1&_nc_oc=AdngE8O2f1aRZh0SkHCRQCBbjhkXnjLSDVWz6GqfC7eEaaBFgOm7nrkewjIoRFJtKs8&_nc_zt=7&_nc_ht=cdn.fbsbx.com&_nc_gid=pesYscPR4BO53iV-KCH26Q&oh=03_Q7cD4gGwEX0OytPwjzd00PQpX7KfEfciWA_QR8Ubr0nixPQJCA&oe=699FBA23",
        "width": 870,
        "height": 388,
        "thumbnailUrl": "https://cdn.fbsbx.com/v/t59.2708-21/581578107_863189372921825_2189736639628414757_n.gif?_nc_cat=102&ccb=1-7&_nc_sid=cf94fc&_nc_eui2=AeGRPTVPpH326f-_ySN4Xgaa_Qvmfk4ovEH9C-Z-Tii8Qc8Ny1smS-_DFWRLk0IetfgcoIEhaPqrRXyYOpb1bqA4&_nc_ohc=jyM3Vf7tG84Q7kNvwFZi9O1&_nc_oc=AdngE8O2f1aRZh0SkHCRQCBbjhkXnjLSDVWz6GqfC7eEaaBFgOm7nrkewjIoRFJtKs8&_nc_zt=7&_nc_ht=cdn.fbsbx.com&_nc_gid=pesYscPR4BO53iV-KCH26Q&oh=03_Q7cD4gGwEX0OytPwjzd00PQpX7KfEfciWA_QR8Ubr0nixPQJCA&oe=699FBA23",
        "name": "gif-1474282794432240",
        "facebookUrl": "https://cdn.fbsbx.com/v/t59.2708-21/581578107_863189372921825_2189736639628414757_n.gif?_nc_cat=102&ccb=1-7&_nc_sid=cf94fc&_nc_eui2=AeGRPTVPpH326f-_ySN4Xgaa_Qvmfk4ovEH9C-Z-Tii8Qc8Ny1smS-_DFWRLk0IetfgcoIEhaPqrRXyYOpb1bqA4&_nc_ohc=jyM3Vf7tG84Q7kNvwFZi9O1&_nc_oc=AdngE8O2f1aRZh0SkHCRQCBbjhkXnjLSDVWz6GqfC7eEaaBFgOm7nrkewjIoRFJtKs8&_nc_zt=7&_nc_ht=cdn.fbsbx.com&_nc_gid=pesYscPR4BO53iV-KCH26Q&oh=03_Q7cD4gGwEX0OytPwjzd00PQpX7KfEfciWA_QR8Ubr0nixPQJCA&oe=699FBA23",
        "rawGifImage": "https://cdn.fbsbx.com/v/t59.2708-21/581578107_863189372921825_2189736639628414757_n.gif?_nc_cat=102&ccb=1-7&_nc_sid=cf94fc&_nc_eui2=AeGRPTVPpH326f-_ySN4Xgaa_Qvmfk4ovEH9C-Z-Tii8Qc8Ny1smS-_DFWRLk0IetfgcoIEhaPqrRXyYOpb1bqA4&_nc_ohc=jyM3Vf7tG84Q7kNvwFZi9O1&_nc_oc=AdngE8O2f1aRZh0SkHCRQCBbjhkXnjLSDVWz6GqfC7eEaaBFgOm7nrkewjIoRFJtKs8&_nc_zt=7&_nc_ht=cdn.fbsbx.com&_nc_gid=pesYscPR4BO53iV-KCH26Q&oh=03_Q7cD4gGwEX0OytPwjzd00PQpX7KfEfciWA_QR8Ubr0nixPQJCA&oe=699FBA23",
        "animatedGifUrl": "https://cdn.fbsbx.com/v/t59.2708-21/581578107_863189372921825_2189736639628414757_n.gif?_nc_cat=102&ccb=1-7&_nc_sid=cf94fc&_nc_eui2=AeGRPTVPpH326f-_ySN4Xgaa_Qvmfk4ovEH9C-Z-Tii8Qc8Ny1smS-_DFWRLk0IetfgcoIEhaPqrRXyYOpb1bqA4&_nc_ohc=jyM3Vf7tG84Q7kNvwFZi9O1&_nc_oc=AdngE8O2f1aRZh0SkHCRQCBbjhkXnjLSDVWz6GqfC7eEaaBFgOm7nrkewjIoRFJtKs8&_nc_zt=7&_nc_ht=cdn.fbsbx.com&_nc_gid=pesYscPR4BO53iV-KCH26Q&oh=03_Q7cD4gGwEX0OytPwjzd00PQpX7KfEfciWA_QR8Ubr0nixPQJCA&oe=699FBA23",
        "animatedGifPreviewUrl": "https://cdn.fbsbx.com/v/t59.2708-21/581578107_863189372921825_2189736639628414757_n.gif?_nc_cat=102&ccb=1-7&_nc_sid=cf94fc&_nc_eui2=AeGRPTVPpH326f-_ySN4Xgaa_Qvmfk4ovEH9C-Z-Tii8Qc8Ny1smS-_DFWRLk0IetfgcoIEhaPqrRXyYOpb1bqA4&_nc_ohc=jyM3Vf7tG84Q7kNvwFZi9O1&_nc_oc=AdngE8O2f1aRZh0SkHCRQCBbjhkXnjLSDVWz6GqfC7eEaaBFgOm7nrkewjIoRFJtKs8&_nc_zt=7&_nc_ht=cdn.fbsbx.com&_nc_gid=pesYscPR4BO53iV-KCH26Q&oh=03_Q7cD4gGwEX0OytPwjzd00PQpX7KfEfciWA_QR8Ubr0nixPQJCA&oe=699FBA23",
        "animatedWebpUrl": "https://cdn.fbsbx.com/v/t59.2708-21/581578107_863189372921825_2189736639628414757_n.gif?_nc_cat=102&ccb=1-7&_nc_sid=cf94fc&_nc_eui2=AeGRPTVPpH326f-_ySN4Xgaa_Qvmfk4ovEH9C-Z-Tii8Qc8Ny1smS-_DFWRLk0IetfgcoIEhaPqrRXyYOpb1bqA4&_nc_ohc=jyM3Vf7tG84Q7kNvwFZi9O1&_nc_oc=AdngE8O2f1aRZh0SkHCRQCBbjhkXnjLSDVWz6GqfC7eEaaBFgOm7nrkewjIoRFJtKs8&_nc_zt=7&_nc_ht=cdn.fbsbx.com&_nc_gid=pesYscPR4BO53iV-KCH26Q&oh=03_Q7cD4gGwEX0OytPwjzd00PQpX7KfEfciWA_QR8Ubr0nixPQJCA&oe=699FBA23",
        "animatedWebpPreviewUrl": "https://cdn.fbsbx.com/v/t59.2708-21/581578107_863189372921825_2189736639628414757_n.gif?_nc_cat=102&ccb=1-7&_nc_sid=cf94fc&_nc_eui2=AeGRPTVPpH326f-_ySN4Xgaa_Qvmfk4ovEH9C-Z-Tii8Qc8Ny1smS-_DFWRLk0IetfgcoIEhaPqrRXyYOpb1bqA4&_nc_ohc=jyM3Vf7tG84Q7kNvwFZi9O1&_nc_oc=AdngE8O2f1aRZh0SkHCRQCBbjhkXnjLSDVWz6GqfC7eEaaBFgOm7nrkewjIoRFJtKs8&_nc_zt=7&_nc_ht=cdn.fbsbx.com&_nc_gid=pesYscPR4BO53iV-KCH26Q&oh=03_Q7cD4gGwEX0OytPwjzd00PQpX7KfEfciWA_QR8Ubr0nixPQJCA&oe=699FBA23"
      }
    ],
    "senderID": "61585798417170",
    "threadID": "899780612416920",
    "timestamp": 1771958285560
  },
  "mid.$gAAMyWH_HZZiiwjc0EWckPHky79vO": {
    "content": "Rdxai",
    "attachments": [],
    "senderID": "100004807696030",
    "threadID": "899780612416920",
    "timestamp": 1771958300114
  },
  "mid.$gAAMyWH_HZZiiwjdot2ckPIg9BGut": {
    "content": "Suno",
    "attachments": [],
    "senderID": "100003615741592",
    "threadID": "899780612416920",
    "timestamp": 1771958313527
  },
  "mid.$gAAMyWH_HZZiiwjeBgGckPIyUEVQb": {
    "content": "Hm",
    "attachments": [],
    "senderID": "100004807696030",
    "threadID": "899780612416920",
    "timestamp": 1771958319920
  },
  "mid.$gAAMyWH_HZZiiwjed8GckPJWBwIww": {
    "content": "Bot bar bar logout ki9 ho rhw",
    "attachments": [],
    "senderID": "100003615741592",
    "threadID": "899780612416920",
    "timestamp": 1771958327165
  },
  "mid.$gAAMyWH_HZZiiwjeiiWckPJZMa8AQ": {
    "content": "≿━━━━༺❀༻━━━━≾\n\nAttaullah Khuharo, FarMao 😒\n\n≿━━━━༺❀༻━━━━≾",
    "attachments": [],
    "senderID": "61579163911754",
    "threadID": "899780612416920",
    "timestamp": 1771958328276
  },
  "mid.$gAAMyWH_HZZiiwjein2ckPJZXHbf2": {
    "content": "≿━━━━༺❀༻━━━━≾\n\nAttaullah Khuharo, Bot Na BoL 😢 JaNu B0ol 😘 \n\n≿━━━━༺❀༻━━━━≾",
    "attachments": [],
    "senderID": "61585798417170",
    "threadID": "899780612416920",
    "timestamp": 1771958328440
  },
  "mid.$gAAMyWH_HZZiiwjfdFWckPKN5ChW6": {
    "content": "Sun ka afsos howa",
    "attachments": [],
    "senderID": "100004807696030",
    "threadID": "899780612416920",
    "timestamp": 1771958343393
  },
  "mid.$gAAMyWH_HZZiiwjgCu2ckPKzg9i1M": {
    "content": "Rdxai bot ka bare ma btu",
    "attachments": [],
    "senderID": "100004807696030",
    "threadID": "899780612416920",
    "timestamp": 1771958352982
  },
  "mid.$gAAMyWH_HZZiiwjhaNmckPMLJOJjm": {
    "content": "Rdxai es bot ki info do",
    "attachments": [],
    "senderID": "100004807696030",
    "threadID": "899780612416920",
    "timestamp": 1771958375347
  },
  "mid.$gAAMyWH_HZZiiwjkB7mckPO6D3SM_": {
    "content": "Bot wali I'd logout ho kr off ho RHA bot aisa kio 😔",
    "attachments": [],
    "senderID": "100003615741592",
    "threadID": "899780612416920",
    "timestamp": 1771958418368
  },
  "mid.$gAAMyWH_HZZiiwjkGK2ckPO9K7Fld": {
    "content": "≿━━━━༺❀༻━━━━≾\n\nAttaullah Khuharo, IB Aja Yahan Nhi B0ol Sakti 🙈😋\n\n≿━━━━༺❀༻━━━━≾",
    "attachments": [],
    "senderID": "61585798417170",
    "threadID": "899780612416920",
    "timestamp": 1771958419335
  },
  "mid.$gAAMyWH_HZZiiwjkHdmckPO99dtx0": {
    "content": "≿━━━━༺❀༻━━━━≾\n\nAttaullah Khuharo, Ha ha ab meri yaad ab ai nah phly to babu shona kerna gy thy 😾 ab ham ap sy naraz hai jao ap bye ☹️\n\n≿━━━━༺❀༻━━━━≾",
    "attachments": [],
    "senderID": "61579163911754",
    "threadID": "899780612416920",
    "timestamp": 1771958419694
  },
  "mid.$gAAMyWH_HZZiiwjl362ckPQo6vIkt": {
    "content": "Jb aik I'd do dafa logout ho jy to usy na chlu",
    "attachments": [],
    "senderID": "100004807696030",
    "threadID": "899780612416920",
    "timestamp": 1771958448519
  },
  "mid.$gAAMyWH_HZZiiwjmXqGckPRIfEzWd": {
    "content": "Bot",
    "attachments": [],
    "senderID": "100004807696030",
    "threadID": "899780612416920",
    "timestamp": 1771958456655
  },
  "mid.$gAAMyWH_HZZiiwjmcGmckPRTOvMID": {
    "content": "≿━━━━༺❀༻━━━━≾\n\nCʀɩɱiŋʌl Pʀiŋce Sʌʀdʌʀ, jii kahiye jii 🙄 kya chahiye\n\n≿━━━━༺❀༻━━━━≾",
    "attachments": [],
    "senderID": "61585798417170",
    "threadID": "899780612416920",
    "timestamp": 1771958457719
  },
  "mid.$gAAMyWH_HZZiiwjmcNmckPRS8C2D_": {
    "content": "≿━━━━༺❀༻━━━━≾\n\nCʀɩɱiŋʌl Pʀiŋce Sʌʀdʌʀ,  Kashif Ko Bol Dunga Me Mujhe Paresan Kiya To\n\n≿━━━━༺❀༻━━━━≾",
    "attachments": [],
    "senderID": "61579163911754",
    "threadID": "899780612416920",
    "timestamp": 1771958458190
  },
  "mid.$gAAMyWH_HZZiiwjmchmckPRTORVGv": {
    "content": "",
    "attachments": [
      {
        "type": "sticker",
        "ID": "2523892964552270",
        "url": "https://scontent.xx.fbcdn.net/v/t39.1997-6/68986495_2523892967885603_6779962822878035968_n.png?_nc_cat=103&ccb=1-7&_nc_sid=23dd7b&_nc_eui2=AeGSBGcPM3NeNTWOvoGks9jVx2EGhz4tA0zHYQaHPi0DTOxU_bBx8B4ASSuD3JwI8MLVV_FJpNlYbwg0sEX34eHQ&_nc_ohc=AwCTiMRYfDsQ7kNvwEGWAGY&_nc_oc=AdlqWHJp7sgoewzbys90cZ5QOcx7oFC5NcogsXGCJ2dYzB9pyRRuIPglhjKEld1FDiY&_nc_ad=z-m&_nc_cid=0&_nc_zt=26&_nc_ht=scontent.xx&_nc_gid=VlrWm9ya9J_LIRb8cF9ojw&oh=00_AftXfZZRCJpPlRMQNeXq9ZIdpwqJxYO0V3foZmkvZZwhGw&oe=69A3B4E1",
        "packID": "2519037555037811",
        "spriteUrl": {
          "uri": "https://scontent.xx.fbcdn.net/v/t39.1997-6/68910790_2523892974552269_6925315872068206592_n.png?stp=dst-png_p600x600&_nc_cat=108&ccb=1-7&_nc_sid=ba09c1&_nc_eui2=AeHP_koUMOTQiAC5MeldI2hWcoXjDwTfRopyheMPBN9GipJe_HShKXs7LAVBF6TScqmgRrZrFK5vKv-kajUbx15U&_nc_ohc=MTb5iJNo_SYQ7kNvwEmMyUU&_nc_oc=AdkS7Uzmm7q9vT4gFzbtEB23Iidb4yBMeNsTHiigG5EvAD7rtfh3VgKN1KM1bbM_Jt4&_nc_ad=z-m&_nc_cid=0&_nc_zt=26&_nc_ht=scontent.xx&_nc_gid=VlrWm9ya9J_LIRb8cF9ojw&oh=00_Afuzl155Pp2npSi9Bjp-NU3WrLhNnemRbouYKKNf7K79WA&oe=69A3B875"
        },
        "spriteUrl2x": {
          "uri": "https://scontent.xx.fbcdn.net/v/t39.1997-6/68910790_2523892974552269_6925315872068206592_n.png?_nc_cat=108&ccb=1-7&_nc_sid=ba09c1&_nc_eui2=AeHP_koUMOTQiAC5MeldI2hWcoXjDwTfRopyheMPBN9GipJe_HShKXs7LAVBF6TScqmgRrZrFK5vKv-kajUbx15U&_nc_ohc=MTb5iJNo_SYQ7kNvwEmMyUU&_nc_oc=AdkS7Uzmm7q9vT4gFzbtEB23Iidb4yBMeNsTHiigG5EvAD7rtfh3VgKN1KM1bbM_Jt4&_nc_ad=z-m&_nc_cid=0&_nc_zt=26&_nc_ht=scontent.xx&_nc_gid=VlrWm9ya9J_LIRb8cF9ojw&oh=00_Afu8K5jElLP8eDFMdluerDZQ732KoqYXoxkxYMJrEyJRTQ&oe=69A3B875"
        },
        "width": 240,
        "height": 240,
        "caption": "one bunny poking the cheek of another bunny, MiMi and NeKo",
        "description": "one bunny poking the cheek of another bunny, MiMi and NeKo",
        "frameCount": 24,
        "frameRate": 83,
        "framesPerRow": 5,
        "framesPerCol": 5,
        "stickerID": "2523892964552270",
        "spriteURI": {
          "uri": "https://scontent.xx.fbcdn.net/v/t39.1997-6/68910790_2523892974552269_6925315872068206592_n.png?stp=dst-png_p600x600&_nc_cat=108&ccb=1-7&_nc_sid=ba09c1&_nc_eui2=AeHP_koUMOTQiAC5MeldI2hWcoXjDwTfRopyheMPBN9GipJe_HShKXs7LAVBF6TScqmgRrZrFK5vKv-kajUbx15U&_nc_ohc=MTb5iJNo_SYQ7kNvwEmMyUU&_nc_oc=AdkS7Uzmm7q9vT4gFzbtEB23Iidb4yBMeNsTHiigG5EvAD7rtfh3VgKN1KM1bbM_Jt4&_nc_ad=z-m&_nc_cid=0&_nc_zt=26&_nc_ht=scontent.xx&_nc_gid=VlrWm9ya9J_LIRb8cF9ojw&oh=00_Afuzl155Pp2npSi9Bjp-NU3WrLhNnemRbouYKKNf7K79WA&oe=69A3B875"
        },
        "spriteURI2x": {
          "uri": "https://scontent.xx.fbcdn.net/v/t39.1997-6/68910790_2523892974552269_6925315872068206592_n.png?_nc_cat=108&ccb=1-7&_nc_sid=ba09c1&_nc_eui2=AeHP_koUMOTQiAC5MeldI2hWcoXjDwTfRopyheMPBN9GipJe_HShKXs7LAVBF6TScqmgRrZrFK5vKv-kajUbx15U&_nc_ohc=MTb5iJNo_SYQ7kNvwEmMyUU&_nc_oc=AdkS7Uzmm7q9vT4gFzbtEB23Iidb4yBMeNsTHiigG5EvAD7rtfh3VgKN1KM1bbM_Jt4&_nc_ad=z-m&_nc_cid=0&_nc_zt=26&_nc_ht=scontent.xx&_nc_gid=VlrWm9ya9J_LIRb8cF9ojw&oh=00_Afu8K5jElLP8eDFMdluerDZQ732KoqYXoxkxYMJrEyJRTQ&oe=69A3B875"
        }
      }
    ],
    "senderID": "61585798417170",
    "threadID": "899780612416920",
    "timestamp": 1771958458191
  },
  "mid.$gAAMyWH_HZZiiwjmctWckPRS8AlTW": {
    "content": "",
    "attachments": [
      {
        "type": "sticker",
        "ID": "2523892964552270",
        "url": "https://scontent.xx.fbcdn.net/v/t39.1997-6/68986495_2523892967885603_6779962822878035968_n.png?_nc_cat=103&ccb=1-7&_nc_sid=23dd7b&_nc_eui2=AeGSBGcPM3NeNTWOvoGks9jVx2EGhz4tA0zHYQaHPi0DTOxU_bBx8B4ASSuD3JwI8MLVV_FJpNlYbwg0sEX34eHQ&_nc_ohc=AwCTiMRYfDsQ7kNvwEGWAGY&_nc_oc=AdlqWHJp7sgoewzbys90cZ5QOcx7oFC5NcogsXGCJ2dYzB9pyRRuIPglhjKEld1FDiY&_nc_ad=z-m&_nc_cid=0&_nc_zt=26&_nc_ht=scontent.xx&_nc_gid=VlrWm9ya9J_LIRb8cF9ojw&oh=00_AftXfZZRCJpPlRMQNeXq9ZIdpwqJxYO0V3foZmkvZZwhGw&oe=69A3B4E1",
        "packID": "2519037555037811",
        "spriteUrl": {
          "uri": "https://scontent.xx.fbcdn.net/v/t39.1997-6/68910790_2523892974552269_6925315872068206592_n.png?stp=dst-png_p600x600&_nc_cat=108&ccb=1-7&_nc_sid=ba09c1&_nc_eui2=AeHP_koUMOTQiAC5MeldI2hWcoXjDwTfRopyheMPBN9GipJe_HShKXs7LAVBF6TScqmgRrZrFK5vKv-kajUbx15U&_nc_ohc=MTb5iJNo_SYQ7kNvwEmMyUU&_nc_oc=AdkS7Uzmm7q9vT4gFzbtEB23Iidb4yBMeNsTHiigG5EvAD7rtfh3VgKN1KM1bbM_Jt4&_nc_ad=z-m&_nc_cid=0&_nc_zt=26&_nc_ht=scontent.xx&_nc_gid=VlrWm9ya9J_LIRb8cF9ojw&oh=00_Afuzl155Pp2npSi9Bjp-NU3WrLhNnemRbouYKKNf7K79WA&oe=69A3B875"
        },
        "spriteUrl2x": {
          "uri": "https://scontent.xx.fbcdn.net/v/t39.1997-6/68910790_2523892974552269_6925315872068206592_n.png?_nc_cat=108&ccb=1-7&_nc_sid=ba09c1&_nc_eui2=AeHP_koUMOTQiAC5MeldI2hWcoXjDwTfRopyheMPBN9GipJe_HShKXs7LAVBF6TScqmgRrZrFK5vKv-kajUbx15U&_nc_ohc=MTb5iJNo_SYQ7kNvwEmMyUU&_nc_oc=AdkS7Uzmm7q9vT4gFzbtEB23Iidb4yBMeNsTHiigG5EvAD7rtfh3VgKN1KM1bbM_Jt4&_nc_ad=z-m&_nc_cid=0&_nc_zt=26&_nc_ht=scontent.xx&_nc_gid=VlrWm9ya9J_LIRb8cF9ojw&oh=00_Afu8K5jElLP8eDFMdluerDZQ732KoqYXoxkxYMJrEyJRTQ&oe=69A3B875"
        },
        "width": 240,
        "height": 240,
        "caption": "one bunny poking the cheek of another bunny, MiMi and NeKo",
        "description": "one bunny poking the cheek of another bunny, MiMi and NeKo",
        "frameCount": 24,
        "frameRate": 83,
        "framesPerRow": 5,
        "framesPerCol": 5,
        "stickerID": "2523892964552270",
        "spriteURI": {
          "uri": "https://scontent.xx.fbcdn.net/v/t39.1997-6/68910790_2523892974552269_6925315872068206592_n.png?stp=dst-png_p600x600&_nc_cat=108&ccb=1-7&_nc_sid=ba09c1&_nc_eui2=AeHP_koUMOTQiAC5MeldI2hWcoXjDwTfRopyheMPBN9GipJe_HShKXs7LAVBF6TScqmgRrZrFK5vKv-kajUbx15U&_nc_ohc=MTb5iJNo_SYQ7kNvwEmMyUU&_nc_oc=AdkS7Uzmm7q9vT4gFzbtEB23Iidb4yBMeNsTHiigG5EvAD7rtfh3VgKN1KM1bbM_Jt4&_nc_ad=z-m&_nc_cid=0&_nc_zt=26&_nc_ht=scontent.xx&_nc_gid=VlrWm9ya9J_LIRb8cF9ojw&oh=00_Afuzl155Pp2npSi9Bjp-NU3WrLhNnemRbouYKKNf7K79WA&oe=69A3B875"
        },
        "spriteURI2x": {
          "uri": "https://scontent.xx.fbcdn.net/v/t39.1997-6/68910790_2523892974552269_6925315872068206592_n.png?_nc_cat=108&ccb=1-7&_nc_sid=ba09c1&_nc_eui2=AeHP_koUMOTQiAC5MeldI2hWcoXjDwTfRopyheMPBN9GipJe_HShKXs7LAVBF6TScqmgRrZrFK5vKv-kajUbx15U&_nc_ohc=MTb5iJNo_SYQ7kNvwEmMyUU&_nc_oc=AdkS7Uzmm7q9vT4gFzbtEB23Iidb4yBMeNsTHiigG5EvAD7rtfh3VgKN1KM1bbM_Jt4&_nc_ad=z-m&_nc_cid=0&_nc_zt=26&_nc_ht=scontent.xx&_nc_gid=VlrWm9ya9J_LIRb8cF9ojw&oh=00_Afu8K5jElLP8eDFMdluerDZQ732KoqYXoxkxYMJrEyJRTQ&oe=69A3B875"
        }
      }
    ],
    "senderID": "61579163911754",
    "threadID": "899780612416920",
    "timestamp": 1771958458191
  },
  "mid.$gAAMyWH_HZZiiwjne3mckPSW-BFdv": {
    "content": "Õk",
    "attachments": [],
    "senderID": "100003615741592",
    "threadID": "899780612416920",
    "timestamp": 1771958474921
  },
  "mid.$gAAMyWH_HZZiiwjv9ZmckPauRIEBn": {
    "content": "Rdxai Convo ka bare ma btu",
    "attachments": [],
    "senderID": "100004807696030",
    "threadID": "899780612416920",
    "timestamp": 1771958613839
  },
  "mid.$gAAb9LPtYiEOiwjxGsGckPb3hfrEr": {
    "content": "Rdxai bot ka full info do",
    "attachments": [],
    "senderID": "100004807696030",
    "threadID": "1967219497535555",
    "timestamp": 1771958632391
  },
  "mid.$gAAb9LPtYiEOiwkUX0GckP_Ioxx04": {
    "content": ".upt2",
    "attachments": [],
    "senderID": "100004807696030",
    "threadID": "1967219497535555",
    "timestamp": 1771959210207
  },
  "mid.$gAAb9LPtYiEOiwkVg4WckQARynNYD": {
    "content": ".rankup",
    "attachments": [],
    "senderID": "100004807696030",
    "threadID": "1967219497535555",
    "timestamp": 1771959228898
  },
  "mid.$gAAb9LPtYiEOiwkXmTGckQCW9MKFm": {
    "content": "Rdxai Convo ka bare ma btu",
    "attachments": [],
    "senderID": "100004807696030",
    "threadID": "1967219497535555",
    "timestamp": 1771959263066
  },
  "mid.$gAAb9LPtYiEOiwkmbfWckQRMEKnW1": {
    "content": ".upt2",
    "attachments": [],
    "senderID": "100004807696030",
    "threadID": "1967219497535555",
    "timestamp": 1771959506098
  },
  "mid.$gAAb9LPtYiEOiwkn1lWckQSmjNFW7": {
    "content": ".ccard",
    "attachments": [],
    "senderID": "100004807696030",
    "threadID": "1967219497535555",
    "timestamp": 1771959529131
  },
  "mid.$gAAb9LPtYiEOiwkoxrWckQTitOvWU": {
    "content": ".rankup",
    "attachments": [],
    "senderID": "100004807696030",
    "threadID": "1967219497535555",
    "timestamp": 1771959544506
  }
}
